{
  "count": 552,
  "next": "https://goriva.si/api/v1/search/?format=json&franchise=&name=&o=&page=6&position=&radius=",
  "previous": "https://goriva.si/api/v1/search/?format=json&franchise=&name=&o=&page=4&position=&radius=",
  "results": [
    {
      "pk": 1571,
      "franchise": 2,
      "name": "BS MOL DRAMLJE",
      "address": "LAZE PRI DRAMLJAH 6B",
      "lat": 46.260293,
      "lng": 15.3918165,
      "prices": {
        "95": 1.421,
        "dizel": 1.462,
        "98": null,
        "100": 1.651,
        "dizel-premium": 1.629,
        "avtoplin-lpg": 0.847,
        "KOEL": null,
        "hvo": null,
        "cng": null,
        "lng": null
      },
      "distance": null,
      "direction": "",
      "open_hours": "Ponedeljek, Torek, Sreda, Četrtek, Petek, Sobota\n05:00-22:00\n\nNedelja, Praznik\n08:00-22:00\n",
      "zip_code": "3222"
    },
    {
      "pk": 1572,
      "franchise": 2,
      "name": "BS MOL MESTINJE",
      "address": "MESTINJE 2A",
      "lat": 46.2343558,
      "lng": 15.5634657,
      "prices": {
        "95": 1.421,
        "dizel": 1.462,
        "98": null,
        "100": 1.651,
        "dizel-premium": 1.629,
        "avtoplin-lpg": null,
        "KOEL": null,
        "hvo": null,
        "cng": null,
        "lng": null
      },
      "distance": null,
      "direction": "",
      "open_hours": "Ponedeljek, Torek, Sreda, Četrtek, Petek, Sobota\n06:00-22:00\n\nNedelja, Praznik\n08:00-20:00\n",
      "zip_code": "3241"
    },
    {
      "pk": 1575,
      "franchise": 2,
      "name": "BS MOL OTIŠKI VRH",
      "address": "OTIŠKI VRH 52",
      "lat": 46.5695,
      "lng": 15.036667,
      "prices": {
        "95": 1.421,
        "dizel": 1.462,
        "98": null,
        "100": 1.651,
        "dizel-premium": 1.629,
        "avtoplin-lpg": null,
        "KOEL": null,
        "hvo": null,
        "cng": null,
        "lng": null
      },
      "distance": null,
      "direction": "",
      "open_hours": "01.09.2025 – \nSobota\n06:00-23:00\n\nPonedeljek, Torek, Sreda, Četrtek, Petek\n05:00-23:00\n\nNedelja, Praznik\n07:00-22:00\n",
      "zip_code": "2373"
    },
    {
      "pk": 1576,
      "franchise": 2,
      "name": "BS MOL POBREŽJE MARIBOR",
      "address": "ULICA VELJKA VLAHOVIČA 8",
      "lat": 46.546333,
      "lng": 15.674833,
      "prices": {
        "95": 1.421,
        "dizel": 1.462,
        "98": null,
        "100": 1.651,
        "dizel-premium": 1.629,
        "avtoplin-lpg": null,
        "KOEL": null,
        "hvo": null,
        "cng": null,
        "lng": null
      },
      "distance": null,
      "direction": "",
      "open_hours": "Ponedeljek, Torek, Sreda, Četrtek, Petek, Sobota\n06:00-22:00\n\nNedelja, Praznik\n08:00-20:00\n",
      "zip_code": "2000"
    },
    {
      "pk": 1579,
      "franchise": 2,
      "name": "BS MOL ŠENTILJ",
      "address": "MARIBORSKA CESTA 6",
      "lat": 46.677917,
      "lng": 15.652583,
      "prices": {
        "95": 1.421,
        "dizel": 1.462,
        "98": null,
        "100": 1.651,
        "dizel-premium": 1.629,
        "avtoplin-lpg": null,
        "KOEL": null,
        "hvo": null,
        "cng": null,
        "lng": null
      },
      "distance": null,
      "direction": "",
      "open_hours": "Nedelja, Praznik\n08:00-20:00\n\nPonedeljek, Torek, Sreda, Četrtek, Petek, Sobota\n06:00-22:00\n",
      "zip_code": ""
    },
    {
      "pk": 1580,
      "franchise": 2,
      "name": "BS MOL PTUJ",
      "address": "PUHOVA ULICA 18A",
      "lat": 46.421507,
      "lng": 15.88666,
      "prices": {
        "95": 1.421,
        "dizel": 1.462,
        "98": null,
        "100": 1.651,
        "dizel-premium": 1.629,
        "avtoplin-lpg": 0.847,
        "KOEL": null,
        "hvo": null,
        "cng": null,
        "lng": null
      },
      "distance": null,
      "direction": "",
      "open_hours": "Ponedeljek, Torek, Sreda, Četrtek, Petek, Sobota\n06:00-22:00\n\nNedelja, Praznik\n08:00-22:00\n",
      "zip_code": "2250"
    },
    {
      "pk": 1581,
      "franchise": 2,
      "name": "BS MOL ZASAVJE",
      "address": "ZAVRŠJE 30",
      "lat": 46.1110129,
      "lng": 15.0066052,
      "prices": {
        "95": 1.421,
        "dizel": 1.462,
        "98": null,
        "100": 1.651,
        "dizel-premium": 1.629,
        "avtoplin-lpg": 0.847,
        "KOEL": null,
        "hvo": null,
        "cng": null,
        "lng": null
      },
      "distance": null,
      "direction": "",
      "open_hours": "Ponedeljek, Torek, Sreda, Četrtek, Petek, Sobota\n05:00-21:00\n\nNedelja, Praznik\n08:00-20:00\n",
      "zip_code": ""
    },
    {
      "pk": 1587,
      "franchise": 2,
      "name": "BS MOL LETUŠ",
      "address": "LETUŠ 11 D",
      "lat": 46.311732,
      "lng": 15.026208,
      "prices": {
        "95": 1.421,
        "dizel": 1.462,
        "98": null,
        "100": 1.651,
        "dizel-premium": 1.629,
        "avtoplin-lpg": null,
        "KOEL": null,
        "hvo": null,
        "cng": null,
        "lng": null
      },
      "distance": null,
      "direction": "",
      "open_hours": "Januar / Februar / Marec / April / Oktober / November / December\nPonedeljek, Torek, Sreda, Četrtek, Petek\n06:00-21:00\n\nJanuar / Februar / Marec / April / Oktober / November / December\nSobota\n07:00-21:00\n\nMaj / Junij / Julij / Avgust / September\nPonedeljek, Torek, Sreda, Četrtek, Petek\n06:00-21:30\n\nMaj / Junij / Julij / Avgust / September\nSobota\n07:00-21:30\n\nNedelja, Praznik\n08:00-20:00\n",
      "zip_code": "3327"
    },
    {
      "pk": 1590,
      "franchise": 2,
      "name": "BS MOL RUDNIK",
      "address": "PREMRLOVA ULICA 10",
      "lat": 46.01729,
      "lng": 14.530471,
      "prices": {
        "95": 1.421,
        "dizel": 1.462,
        "98": null,
        "100": 1.651,
        "dizel-premium": 1.629,
        "avtoplin-lpg": null,
        "KOEL": null,
        "hvo": null,
        "cng": null,
        "lng": null
      },
      "distance": null,
      "direction": "",
      "open_hours": "Ponedeljek, Torek, Sreda, Četrtek, Petek\n06:00-22:00\n\nSobota\n07:00-22:00\n\nNedelja, Praznik\n08:00-16:00\n",
      "zip_code": "1000"
    },
    {
      "pk": 1591,
      "franchise": 2,
      "name": "BS MOL VODICE",
      "address": "ŠKOFJELOŠKA CESTA 14",
      "lat": 46.185997,
      "lng": 14.487635,
      "prices": {
        "95": 1.421,
        "dizel": 1.462,
        "98": null,
        "100": 1.651,
        "dizel-premium": 1.629,
        "avtoplin-lpg": null,
        "KOEL": null,
        "hvo": null,
        "cng": null,
        "lng": null
      },
      "distance": null,
      "direction": "",
      "open_hours": "Ponedeljek, Torek, Sreda, Četrtek, Petek, Sobota\n06:00-22:00\n\nNedelja, Praznik\n08:00-20:00\n",
      "zip_code": ""
    },
    {
      "pk": 1592,
      "franchise": 2,
      "name": "BS MOL AJDOVŠČINA",
      "address": "Mirce 10",
      "lat": 45.880481,
      "lng": 13.905018,
      "prices": {
        "95": 1.421,
        "dizel": 1.462,
        "98": null,
        "100": 1.651,
        "dizel-premium": 1.629,
        "avtoplin-lpg": null,
        "KOEL": null,
        "hvo": null,
        "cng": null,
        "lng": null
      },
      "distance": null,
      "direction": "",
      "open_hours": "Januar / Februar / Marec / April / Oktober / November / December\nPonedeljek, Torek, Sreda, Četrtek, Petek\n06:00-21:00\n\nJanuar / Februar / Marec / April / Oktober / November / December\nSobota\n07:00-21:00\n\nMaj / Junij / Julij / Avgust / September\nPonedeljek, Torek, Sreda, Četrtek, Petek\n06:00-22:00\n\nMaj / Junij / Julij / Avgust / September\nSobota\n07:00-22:00\n\nNedelja, Praznik\n08:00-20:00\n",
      "zip_code": "5270"
    },
    {
      "pk": 1593,
      "franchise": 2,
      "name": "BS MOL BRATISLAVSKA",
      "address": "BRATISALVSKA CESTA 11",
      "lat": 46.062837,
      "lng": 14.550083,
      "prices": {
        "95": 1.421,
        "dizel": 1.462,
        "98": null,
        "100": 1.651,
        "dizel-premium": 1.629,
        "avtoplin-lpg": 0.847,
        "KOEL": null,
        "hvo": null,
        "cng": null,
        "lng": null
      },
      "distance": null,
      "direction": "",
      "open_hours": "Ponedeljek, Torek, Sreda, Četrtek, Petek, Sobota\n06:00-22:00\n\nNedelja, Praznik\n08:00-16:00\n",
      "zip_code": "1000"
    },
    {
      "pk": 1921,
      "franchise": 1,
      "name": "PETROL MARIBOR - TRŽAŠKA 36",
      "address": "TRŽAŠKA CESTA 36",
      "lat": 46.53769944,
      "lng": 15.64633113,
      "prices": {
        "95": 1.421,
        "dizel": 1.462,
        "98": null,
        "100": 1.65,
        "dizel-premium": null,
        "avtoplin-lpg": null,
        "KOEL": null,
        "hvo": null,
        "cng": null,
        "lng": null
      },
      "distance": null,
      "direction": "Maribor -> Ljubljana",
      "open_hours": "00:00-23:59\n",
      "zip_code": "2000"
    },
    {
      "pk": 1922,
      "franchise": 1,
      "name": "PETROL MARIBOR - MLINSKA",
      "address": "MLINSKA ULICA 33",
      "lat": 46.5573545,
      "lng": 15.65508386,
      "prices": {
        "95": 1.421,
        "dizel": 1.462,
        "98": null,
        "100": null,
        "dizel-premium": null,
        "avtoplin-lpg": null,
        "KOEL": 1.068,
        "hvo": null,
        "cng": null,
        "lng": null
      },
      "distance": null,
      "direction": "",
      "open_hours": "Ponedeljek, Torek, Sreda, Četrtek, Petek\n08:00-11:30, 12:00-16:00\n\nSobota\n08:00-11:30, 12:00-14:00\n",
      "zip_code": "2000"
    },
    {
      "pk": 1923,
      "franchise": 1,
      "name": "PETROL ŠENTILJ AC - ZAHOD",
      "address": "CESTA 2. JULIJA 19",
      "lat": 46.68509786,
      "lng": 15.64986497,
      "prices": {
        "95": 1.421,
        "dizel": 1.462,
        "98": null,
        "100": 1.771,
        "dizel-premium": null,
        "avtoplin-lpg": 0.879,
        "KOEL": null,
        "hvo": null,
        "cng": null,
        "lng": null
      },
      "distance": null,
      "direction": "Maribor -> Ljubljana",
      "open_hours": "00:00-23:59\n",
      "zip_code": "2212"
    },
    {
      "pk": 1924,
      "franchise": 1,
      "name": "PETROL MARIBOR - PTUJSKA 136",
      "address": "PTUJSKA CESTA 136",
      "lat": 46.53249876,
      "lng": 15.66655604,
      "prices": {
        "95": 1.421,
        "dizel": 1.462,
        "98": null,
        "100": null,
        "dizel-premium": null,
        "avtoplin-lpg": null,
        "KOEL": 1.068,
        "hvo": null,
        "cng": null,
        "lng": null
      },
      "distance": null,
      "direction": "",
      "open_hours": "Ponedeljek, Torek, Sreda, Četrtek, Petek\n06:00-19:00\n\nSobota\n08:00-18:00\n",
      "zip_code": "2000"
    },
    {
      "pk": 1925,
      "franchise": 1,
      "name": "PETROL MARIBOR - VALVASORJEVA",
      "address": "VALVASORJEVA ULICA 51",
      "lat": 46.555036,
      "lng": 15.633782,
      "prices": {
        "95": 1.421,
        "dizel": 1.462,
        "98": null,
        "100": null,
        "dizel-premium": null,
        "avtoplin-lpg": null,
        "KOEL": 1.068,
        "hvo": null,
        "cng": null,
        "lng": null
      },
      "distance": null,
      "direction": "",
      "open_hours": "Ponedeljek, Torek, Sreda, Četrtek, Petek\n06:00-20:00\n\nSobota\n07:00-20:00\n\nNedelja, Praznik\n08:00-19:00\n",
      "zip_code": "2000"
    },
    {
      "pk": 1926,
      "franchise": 1,
      "name": "PETROL SLOVENSKA BISTRICA - LJUBLJANSKA ZAHOD",
      "address": "LJUBLJANSKA CESTA 74",
      "lat": 46.38470725,
      "lng": 15.5654534,
      "prices": {
        "95": 1.421,
        "dizel": 1.462,
        "98": null,
        "100": null,
        "dizel-premium": null,
        "avtoplin-lpg": null,
        "KOEL": 1.068,
        "hvo": null,
        "cng": null,
        "lng": null
      },
      "distance": null,
      "direction": "",
      "open_hours": "Ponedeljek, Torek, Sreda, Četrtek, Petek\n06:00-21:00\n\nSobota\n07:00-20:00\n\nNedelja, Praznik\n08:00-20:00\n",
      "zip_code": "2310"
    },
    {
      "pk": 1927,
      "franchise": 1,
      "name": "PETROL MARIBOR - GOSPOSVETSKA SEVER",
      "address": "GOSPOSVETSKA CESTA 92",
      "lat": 46.56386643,
      "lng": 15.62682805,
      "prices": {
        "95": 1.421,
        "dizel": 1.462,
        "98": null,
        "100": null,
        "dizel-premium": null,
        "avtoplin-lpg": null,
        "KOEL": null,
        "hvo": null,
        "cng": null,
        "lng": null
      },
      "distance": null,
      "direction": "",
      "open_hours": "Ponedeljek, Torek, Sreda, Četrtek, Petek\n07:00-21:00\n\nSobota\n07:00-21:00\n\nNedelja, Praznik\n08:00-19:00\n",
      "zip_code": "2000"
    },
    {
      "pk": 1928,
      "franchise": 1,
      "name": "PETROL SOLKAN",
      "address": "CESTA IX. KORPUSA 67",
      "lat": 45.96778633,
      "lng": 13.64164681,
      "prices": {
        "95": 1.421,
        "dizel": 1.462,
        "98": null,
        "100": 1.65,
        "dizel-premium": null,
        "avtoplin-lpg": null,
        "KOEL": 1.068,
        "hvo": null,
        "cng": null,
        "lng": null
      },
      "distance": null,
      "direction": "",
      "open_hours": "Ponedeljek, Torek, Sreda, Četrtek, Petek\n07:00-20:00\n\nSobota\n07:00-20:00\n\nNedelja, Praznik\n08:00-20:00\n",
      "zip_code": "5250"
    },
    {
      "pk": 1929,
      "franchise": 1,
      "name": "PETROL MARIBOR - PARTIZANSKA",
      "address": "PARTIZANSKA CESTA 58",
      "lat": 46.56486151,
      "lng": 15.65925818,
      "prices": {
        "95": 1.421,
        "dizel": 1.462,
        "98": null,
        "100": 1.65,
        "dizel-premium": null,
        "avtoplin-lpg": null,
        "KOEL": 1.068,
        "hvo": null,
        "cng": null,
        "lng": null
      },
      "distance": null,
      "direction": "",
      "open_hours": "Ponedeljek, Torek, Sreda, Četrtek, Petek\n06:00-21:00\n\nSobota\n06:00-21:00\n\nNedelja, Praznik\n07:00-21:00\n",
      "zip_code": "2000"
    },
    {
      "pk": 1930,
      "franchise": 1,
      "name": "PETROL MARIBOR - PTUJSKA 111",
      "address": "PTUJSKA CESTA 111",
      "lat": 46.53248364,
      "lng": 15.66759889,
      "prices": {
        "95": 1.421,
        "dizel": 1.462,
        "98": null,
        "100": null,
        "dizel-premium": null,
        "avtoplin-lpg": null,
        "KOEL": 1.068,
        "hvo": null,
        "cng": null,
        "lng": null
      },
      "distance": null,
      "direction": "",
      "open_hours": "Ponedeljek, Torek, Sreda, Četrtek, Petek\n06:00-20:00\n\nSobota\n08:00-18:00\n\nNedelja, Praznik\n08:00-15:00\n",
      "zip_code": "2000"
    },
    {
      "pk": 1931,
      "franchise": 1,
      "name": "PETROL RUŠE",
      "address": "INDUSTRIJSKA ULICA 4",
      "lat": 46.54026886,
      "lng": 15.51724169,
      "prices": {
        "95": 1.421,
        "dizel": 1.462,
        "98": null,
        "100": null,
        "dizel-premium": null,
        "avtoplin-lpg": null,
        "KOEL": 1.068,
        "hvo": null,
        "cng": null,
        "lng": null
      },
      "distance": null,
      "direction": "",
      "open_hours": "Ponedeljek, Torek, Sreda, Četrtek, Petek\n06:00-20:00\n\nSobota\n07:00-20:00\n\nNedelja, Praznik\n07:00-16:00\n",
      "zip_code": "2342"
    },
    {
      "pk": 1932,
      "franchise": 1,
      "name": "PETROL PRAGERSKO",
      "address": "PTUJSKA CESTA 20",
      "lat": 46.39511839,
      "lng": 15.65879604,
      "prices": {
        "95": 1.421,
        "dizel": 1.462,
        "98": null,
        "100": null,
        "dizel-premium": null,
        "avtoplin-lpg": null,
        "KOEL": 1.068,
        "hvo": null,
        "cng": null,
        "lng": null
      },
      "distance": null,
      "direction": "",
      "open_hours": "Ponedeljek, Torek, Sreda, Četrtek, Petek\n07:00-20:00\n\nSobota\n07:00-20:00\n\nNedelja, Praznik\n08:30-12:00\n",
      "zip_code": "2331"
    },
    {
      "pk": 1933,
      "franchise": 1,
      "name": "PETROL RAČE",
      "address": "LJUBLJANSKA CESTA 22",
      "lat": 46.45289915,
      "lng": 15.67336264,
      "prices": {
        "95": 1.421,
        "dizel": 1.462,
        "98": null,
        "100": null,
        "dizel-premium": null,
        "avtoplin-lpg": null,
        "KOEL": 1.068,
        "hvo": null,
        "cng": null,
        "lng": null
      },
      "distance": null,
      "direction": "",
      "open_hours": "Ponedeljek, Torek, Sreda, Četrtek, Petek\n06:00-20:00\n\nSobota\n07:00-20:00\n\nNedelja, Praznik\n08:00-13:00\n",
      "zip_code": "2327"
    }
  ],
  "position": null
}
