{
  "count": 551,
  "next": "https://goriva.si/api/v1/search/?format=json&franchise=&name=&o=&page=17&position=&radius=",
  "previous": "https://goriva.si/api/v1/search/?format=json&franchise=&name=&o=&page=15&position=&radius=",
  "results": [
    {
      "pk": 2187,
      "franchise": 1,
      "name": "PETROL ŠEMPETER V SAVINJSKI DOLINI",
      "address": "RIMSKA CESTA 106",
      "lat": 46.25830238,
      "lng": 15.11406404,
      "prices": {
        "95": 1.416,
        "dizel": 1.441,
        "98": null,
        "100": 1.685,
        "dizel-premium": null,
        "avtoplin-lpg": null,
        "KOEL": 1.033
      },
      "distance": null,
      "direction": "",
      "open_hours": "vsak delavnik 05:30-21:00\r\nsobote 06:00-21:00\r\nnedelje in prazniki 07:00-20:00",
      "zip_code": "3311"
    },
    {
      "pk": 2188,
      "franchise": 1,
      "name": "PETROL LAŠKO",
      "address": "CELJSKA CESTA 40",
      "lat": 46.16731495,
      "lng": 15.2329947,
      "prices": {
        "95": 1.416,
        "dizel": 1.441,
        "98": null,
        "100": 1.685,
        "dizel-premium": null,
        "avtoplin-lpg": null,
        "KOEL": 1.033
      },
      "distance": null,
      "direction": "",
      "open_hours": "vsak delavnik 06:00-21:00\r\nsobote 06:00-21:00\r\nnedelje in prazniki 07:00-20:00",
      "zip_code": "3270"
    },
    {
      "pk": 2189,
      "franchise": 1,
      "name": "PETROL GORNJI GRAD",
      "address": "SPODNJI TRG 34",
      "lat": 46.29907149,
      "lng": 14.81925704,
      "prices": {
        "95": 1.416,
        "dizel": 1.441,
        "98": null,
        "100": null,
        "dizel-premium": null,
        "avtoplin-lpg": null,
        "KOEL": 1.033
      },
      "distance": null,
      "direction": "",
      "open_hours": "vsak delavnik 12:30-18:00\r\nsobote 12:30-18:00\r\nnedelje in prazniki 08:30-12:00",
      "zip_code": "3342"
    },
    {
      "pk": 2190,
      "franchise": 1,
      "name": "PETROL CELJE - LANOVŽ",
      "address": "IPAVČEVA ULICA 19",
      "lat": 46.23718054,
      "lng": 15.25657342,
      "prices": {
        "95": 1.416,
        "dizel": 1.441,
        "98": null,
        "100": 1.685,
        "dizel-premium": null,
        "avtoplin-lpg": null,
        "KOEL": 1.033
      },
      "distance": null,
      "direction": "",
      "open_hours": "vsak delavnik 06:00-20:00\r\nsobote 06:00-20:00\r\nnedelje in prazniki 08:00-20:00",
      "zip_code": "3000"
    },
    {
      "pk": 2191,
      "franchise": 1,
      "name": "PETROL ŠOŠTANJ",
      "address": "AŠKERČEVA CESTA 7",
      "lat": 46.37530944,
      "lng": 15.04892524,
      "prices": {
        "95": 1.416,
        "dizel": 1.441,
        "98": null,
        "100": 1.685,
        "dizel-premium": null,
        "avtoplin-lpg": null,
        "KOEL": 1.033
      },
      "distance": null,
      "direction": "",
      "open_hours": "vsak delavnik 06:00-21:00\r\nsobote 06:00-20:00\r\nnedelje in prazniki 08:00-18:00",
      "zip_code": "3325"
    },
    {
      "pk": 2192,
      "franchise": 1,
      "name": "PETROL RADEČE",
      "address": "ULICA MILANA MAJCNA 40",
      "lat": 46.06279673,
      "lng": 15.18155904,
      "prices": {
        "95": 1.416,
        "dizel": 1.441,
        "98": null,
        "100": 1.685,
        "dizel-premium": null,
        "avtoplin-lpg": null,
        "KOEL": 1.033
      },
      "distance": null,
      "direction": "",
      "open_hours": "vsak delavnik 06:00-21:00\r\nsobote 06:00-21:00\r\nnedelje in prazniki 07:00-20:00",
      "zip_code": "1433"
    },
    {
      "pk": 2193,
      "franchise": 1,
      "name": "PETROL VELENJE - CELJSKA VZHOD",
      "address": "CELJSKA CESTA 53",
      "lat": 46.350795,
      "lng": 15.13198,
      "prices": {
        "95": 1.416,
        "dizel": 1.441,
        "98": null,
        "100": null,
        "dizel-premium": null,
        "avtoplin-lpg": null,
        "KOEL": 1.033
      },
      "distance": null,
      "direction": "",
      "open_hours": "vsak delavnik 06:00-20:00\r\nsobote 07:00-19:00\r\nnedelje in prazniki 08:00-18:00",
      "zip_code": "3320"
    },
    {
      "pk": 2194,
      "franchise": 1,
      "name": "PETROL VELENJE - PARTIZANSKA",
      "address": "PARTIZANSKA CESTA 6",
      "lat": 46.35917056,
      "lng": 15.10632852,
      "prices": {
        "95": 1.416,
        "dizel": 1.441,
        "98": null,
        "100": 1.685,
        "dizel-premium": null,
        "avtoplin-lpg": null,
        "KOEL": null
      },
      "distance": null,
      "direction": "",
      "open_hours": "vsak delavnik 06:00-22:00\r\nsobote 06:00-22:00\r\nnedelje in prazniki 08:00-21:00",
      "zip_code": "3320"
    },
    {
      "pk": 2195,
      "franchise": 1,
      "name": "PETROL ŠMARJE PRI JELŠAH",
      "address": "ROGAŠKA CESTA 48",
      "lat": 46.23164686,
      "lng": 15.52842878,
      "prices": {
        "95": 1.416,
        "dizel": 1.441,
        "98": null,
        "100": 1.685,
        "dizel-premium": null,
        "avtoplin-lpg": null,
        "KOEL": 1.033
      },
      "distance": null,
      "direction": "",
      "open_hours": "vsak delavnik 06:00-21:00\r\nsobote 07:00-19:00\r\nnedelje in prazniki 08:00-19:00",
      "zip_code": "3240"
    },
    {
      "pk": 2196,
      "franchise": 1,
      "name": "PETROL ROGATEC",
      "address": "CELJSKA CESTA 43",
      "lat": 46.226069,
      "lng": 15.693021,
      "prices": {
        "95": 1.416,
        "dizel": 1.441,
        "98": null,
        "100": 1.685,
        "dizel-premium": null,
        "avtoplin-lpg": null,
        "KOEL": 1.033
      },
      "distance": null,
      "direction": "",
      "open_hours": "vsak delavnik 06:00-20:00\r\nsobote 06:00-20:00\r\nnedelje in prazniki 08:00-17:00",
      "zip_code": "3252"
    },
    {
      "pk": 2197,
      "franchise": 1,
      "name": "PETROL ŽALEC",
      "address": "GOTOVELJSKA CESTA 10",
      "lat": 46.256248,
      "lng": 15.156901,
      "prices": {
        "95": 1.416,
        "dizel": 1.441,
        "98": null,
        "100": 1.685,
        "dizel-premium": null,
        "avtoplin-lpg": 0.894,
        "KOEL": null
      },
      "distance": null,
      "direction": "",
      "open_hours": "vsak delavnik 05:00-23:00\r\nsobote 06:00-22:00\r\nnedelje in prazniki 07:00-21:00",
      "zip_code": "3310"
    },
    {
      "pk": 2198,
      "franchise": 1,
      "name": "PETROL PODPLAT",
      "address": "PODPLAT 9",
      "lat": 46.244853,
      "lng": 15.575872,
      "prices": {
        "95": 1.416,
        "dizel": 1.441,
        "98": null,
        "100": 1.685,
        "dizel-premium": null,
        "avtoplin-lpg": null,
        "KOEL": 1.033
      },
      "distance": null,
      "direction": "",
      "open_hours": "vsak delavnik 06:00-20:00\r\nsobote 06:00-20:00\r\nnedelje in prazniki 07:00-18:00",
      "zip_code": "3241"
    },
    {
      "pk": 2199,
      "franchise": 1,
      "name": "PETROL CELJE - MARIBORSKA",
      "address": "MARIBORSKA CESTA 21",
      "lat": 46.235447,
      "lng": 15.270271,
      "prices": {
        "95": 1.416,
        "dizel": 1.441,
        "98": null,
        "100": 1.685,
        "dizel-premium": 1.791,
        "avtoplin-lpg": null,
        "KOEL": null
      },
      "distance": null,
      "direction": "",
      "open_hours": "NON-STOP",
      "zip_code": "3000"
    },
    {
      "pk": 2200,
      "franchise": 1,
      "name": "PETROL CELJE - KIDRIČEVA SEVER",
      "address": "KIDRIČEVA ULICA 21",
      "lat": 46.23557589,
      "lng": 15.27676905,
      "prices": {
        "95": 1.416,
        "dizel": 1.441,
        "98": null,
        "100": 1.685,
        "dizel-premium": null,
        "avtoplin-lpg": 0.894,
        "KOEL": null
      },
      "distance": null,
      "direction": "",
      "open_hours": "vsak delavnik 06:00-21:00\r\nsobote 06:00-20:00\r\nnedelje in prazniki 08:00-18:00",
      "zip_code": "3000"
    },
    {
      "pk": 2203,
      "franchise": 1,
      "name": "PETROL LOČE",
      "address": "SLOMŠKOVA ULICA 6",
      "lat": 46.30051455,
      "lng": 15.50179414,
      "prices": {
        "95": 1.416,
        "dizel": 1.441,
        "98": null,
        "100": null,
        "dizel-premium": null,
        "avtoplin-lpg": null,
        "KOEL": 1.033
      },
      "distance": null,
      "direction": "",
      "open_hours": "vsak delavnik 12:00-19:00\r\nsobote 12:00-19:00\r\nnedelje in prazniki 08:30-12:00",
      "zip_code": "3215"
    },
    {
      "pk": 2204,
      "franchise": 1,
      "name": "PETROL CELJE - CITY CENTER",
      "address": "BEŽIGRAJSKA CESTA 1",
      "lat": 46.24034,
      "lng": 15.278699,
      "prices": {
        "95": 1.416,
        "dizel": 1.441,
        "98": null,
        "100": 1.685,
        "dizel-premium": null,
        "avtoplin-lpg": null,
        "KOEL": null
      },
      "distance": null,
      "direction": "",
      "open_hours": "vsak delavnik 06:30-21:00\r\nsobote 07:00-21:00",
      "zip_code": "3000"
    },
    {
      "pk": 2205,
      "franchise": 1,
      "name": "PETROL NAZARJE",
      "address": "SAVINJSKA CESTA 11",
      "lat": 46.322491,
      "lng": 14.950163,
      "prices": {
        "95": 1.416,
        "dizel": 1.441,
        "98": null,
        "100": 1.685,
        "dizel-premium": null,
        "avtoplin-lpg": null,
        "KOEL": 1.033
      },
      "distance": null,
      "direction": "",
      "open_hours": "",
      "zip_code": "3331"
    },
    {
      "pk": 2206,
      "franchise": 1,
      "name": "PETROL DRAVOGRAD",
      "address": "MARIBORSKA CESTA 50",
      "lat": 46.59116716,
      "lng": 15.02966432,
      "prices": {
        "95": 1.416,
        "dizel": 1.441,
        "98": null,
        "100": 1.685,
        "dizel-premium": null,
        "avtoplin-lpg": null,
        "KOEL": 1.033
      },
      "distance": null,
      "direction": "",
      "open_hours": "vsak delavnik 06:00-20:00\r\nsobote 06:00-19:00\r\nnedelje in prazniki 08:00-19:00",
      "zip_code": "2370"
    },
    {
      "pk": 2207,
      "franchise": 1,
      "name": "PETROL RAVNE NA KOROŠKEM",
      "address": "KOROŠKA CESTA 4A",
      "lat": 46.54726828,
      "lng": 14.96495101,
      "prices": {
        "95": 1.416,
        "dizel": 1.441,
        "98": null,
        "100": 1.685,
        "dizel-premium": null,
        "avtoplin-lpg": 0.894,
        "KOEL": null
      },
      "distance": null,
      "direction": "",
      "open_hours": "vsak delavnik 06:00-21:00\r\nsobote 06:00-21:00\r\nnedelje in prazniki 08:00-20:00",
      "zip_code": "2390"
    },
    {
      "pk": 2208,
      "franchise": 1,
      "name": "PETROL ŽERJAV",
      "address": "ŽERJAV 3A",
      "lat": 46.48491258,
      "lng": 14.86992734,
      "prices": {
        "95": 1.416,
        "dizel": 1.441,
        "98": null,
        "100": null,
        "dizel-premium": null,
        "avtoplin-lpg": null,
        "KOEL": 1.033
      },
      "distance": null,
      "direction": "",
      "open_hours": "vsak delavnik 07:00-18:00\r\nsobote 12:30-15:00",
      "zip_code": "2393"
    },
    {
      "pk": 2209,
      "franchise": 1,
      "name": "PETROL SLOVENJ GRADEC - FRANCETOVA",
      "address": "FRANCETOVA CESTA 21",
      "lat": 46.51479276,
      "lng": 15.08272833,
      "prices": {
        "95": 1.416,
        "dizel": 1.441,
        "98": null,
        "100": null,
        "dizel-premium": null,
        "avtoplin-lpg": null,
        "KOEL": 1.033
      },
      "distance": null,
      "direction": "",
      "open_hours": "vsak delavnik 06:00-20:00\r\nsobote 06:00-20:00",
      "zip_code": "2380"
    },
    {
      "pk": 2210,
      "franchise": 1,
      "name": "PETROL PREVALJE",
      "address": "PERZONALI 49",
      "lat": 46.54278188,
      "lng": 14.90387241,
      "prices": {
        "95": 1.416,
        "dizel": 1.441,
        "98": null,
        "100": 1.685,
        "dizel-premium": null,
        "avtoplin-lpg": null,
        "KOEL": 1.033
      },
      "distance": null,
      "direction": "",
      "open_hours": "vsak delavnik 05:00-22:00\r\nsobote 06:00-21:00\r\nnedelje in prazniki 07:00-21:00",
      "zip_code": "2391"
    },
    {
      "pk": 2211,
      "franchise": 1,
      "name": "PETROL MISLINJA",
      "address": "ŠENTLENART 18",
      "lat": 46.44319582,
      "lng": 15.19195307,
      "prices": {
        "95": 1.416,
        "dizel": 1.441,
        "98": null,
        "100": null,
        "dizel-premium": null,
        "avtoplin-lpg": null,
        "KOEL": 1.033
      },
      "distance": null,
      "direction": "",
      "open_hours": "vsak delavnik 06:00-20:00\r\nsobote 06:00-20:00\r\nnedelje in prazniki 08:30-12:00",
      "zip_code": "2382"
    },
    {
      "pk": 2212,
      "franchise": 1,
      "name": "PETROL MUTA",
      "address": "KOROŠKA CESTA 18",
      "lat": 46.60459809,
      "lng": 15.1642458,
      "prices": {
        "95": 1.416,
        "dizel": 1.441,
        "98": null,
        "100": 1.685,
        "dizel-premium": null,
        "avtoplin-lpg": 0.894,
        "KOEL": 1.033
      },
      "distance": null,
      "direction": "",
      "open_hours": "vsak delavnik 05:00-21:00\r\nsobote 06:00-21:00\r\nnedelje in prazniki 07:00-20:00",
      "zip_code": "2366"
    },
    {
      "pk": 2213,
      "franchise": 1,
      "name": "PETROL OTIŠKI VRH",
      "address": "OTIŠKI VRH 25C",
      "lat": 46.572637,
      "lng": 15.025052,
      "prices": {
        "95": 1.416,
        "dizel": 1.441,
        "98": null,
        "100": null,
        "dizel-premium": null,
        "avtoplin-lpg": null,
        "KOEL": 1.033
      },
      "distance": null,
      "direction": "",
      "open_hours": "vsak delavnik 06:00-18:00\r\nsobote 07:30-11:00",
      "zip_code": "2373"
    }
  ],
  "position": null
}
