{
  "count": 548,
  "next": "https://goriva.si/api/v1/search/?format=json&franchise=&name=&o=&page=5&position=&radius=",
  "previous": "https://goriva.si/api/v1/search/?format=json&franchise=&name=&o=&page=3&position=&radius=",
  "results": [
    {
      "pk": 869,
      "franchise": 2,
      "name": "OMV TREBNJE",
      "address": "Obrtniška 28",
      "lat": 45.910462,
      "lng": 15.025649,
      "prices": {
        "95": 1.354,
        "dizel": 1.683,
        "98": null,
        "100": 1.749,
        "dizel-premium": 1.927,
        "avtoplin-lpg": null,
        "KOEL": 1.366
      },
      "distance": null,
      "direction": "",
      "open_hours": "Pon-Ned 06:00-22:00",
      "zip_code": "8210"
    },
    {
      "pk": 870,
      "franchise": 2,
      "name": "OMV VELENJE GORENJE",
      "address": "Partizanska c. 15a",
      "lat": 46.359472,
      "lng": 15.099174,
      "prices": {
        "95": 1.354,
        "dizel": 1.683,
        "98": null,
        "100": 1.749,
        "dizel-premium": null,
        "avtoplin-lpg": null,
        "KOEL": null
      },
      "distance": null,
      "direction": "",
      "open_hours": "Pon-Ned 05:30-22:30",
      "zip_code": "3320"
    },
    {
      "pk": 871,
      "franchise": 2,
      "name": "OMV VELENJE SELO",
      "address": "Selo 10a",
      "lat": 46.36972,
      "lng": 15.13265,
      "prices": {
        "95": 1.354,
        "dizel": 1.683,
        "98": null,
        "100": 1.749,
        "dizel-premium": 1.927,
        "avtoplin-lpg": null,
        "KOEL": 1.366
      },
      "distance": null,
      "direction": "",
      "open_hours": "Pon-Ned 06:00-22:00",
      "zip_code": "3320"
    },
    {
      "pk": 872,
      "franchise": 2,
      "name": "OMV VIPOLŽE",
      "address": "Vipolže 6b",
      "lat": 45.966782,
      "lng": 13.540767,
      "prices": {
        "95": 1.354,
        "dizel": 1.683,
        "98": null,
        "100": 1.749,
        "dizel-premium": 1.927,
        "avtoplin-lpg": null,
        "KOEL": null
      },
      "distance": null,
      "direction": "",
      "open_hours": "Pon-Ned 06:00-21:00",
      "zip_code": "5212"
    },
    {
      "pk": 873,
      "franchise": 2,
      "name": "OMV VIR DOMŽALE",
      "address": "Šaranovičeva c. 10a",
      "lat": 46.147666,
      "lng": 14.60635,
      "prices": {
        "95": 1.354,
        "dizel": 1.683,
        "98": null,
        "100": 1.749,
        "dizel-premium": null,
        "avtoplin-lpg": null,
        "KOEL": null
      },
      "distance": null,
      "direction": "",
      "open_hours": "Pon-Ned 06:00-22:00",
      "zip_code": "1230"
    },
    {
      "pk": 874,
      "franchise": 2,
      "name": "OMV VRTOJBA",
      "address": "Polje 6",
      "lat": 45.920878,
      "lng": 13.631287,
      "prices": {
        "95": 1.354,
        "dizel": 1.683,
        "98": null,
        "100": 1.749,
        "dizel-premium": 1.927,
        "avtoplin-lpg": null,
        "KOEL": 1.366
      },
      "distance": null,
      "direction": "",
      "open_hours": "Pon-Ned 06:00-22:00",
      "zip_code": "5290"
    },
    {
      "pk": 875,
      "franchise": 2,
      "name": "OMV ZAGRADEC",
      "address": "Zagradec 34",
      "lat": 45.85943,
      "lng": 14.83524,
      "prices": {
        "95": 1.354,
        "dizel": 1.683,
        "98": null,
        "100": 1.749,
        "dizel-premium": null,
        "avtoplin-lpg": null,
        "KOEL": 1.366
      },
      "distance": null,
      "direction": "",
      "open_hours": "Pon-Ned 06:00-22:00",
      "zip_code": "1303"
    },
    {
      "pk": 876,
      "franchise": 2,
      "name": "OMV ZGORNJA POLSKAVA",
      "address": "Bukovec 1b",
      "lat": 46.43075,
      "lng": 15.62705,
      "prices": {
        "95": 1.354,
        "dizel": 1.683,
        "98": null,
        "100": 1.749,
        "dizel-premium": 1.927,
        "avtoplin-lpg": null,
        "KOEL": null
      },
      "distance": null,
      "direction": "",
      "open_hours": "Pon-Ned 06:00-22:00",
      "zip_code": "2314"
    },
    {
      "pk": 1548,
      "franchise": 4,
      "name": "BS MOL KIDRIČEVO",
      "address": "TOVARNIŠKA CESTA 8A",
      "lat": 46.404094,
      "lng": 15.799085,
      "prices": {
        "95": 1.354,
        "dizel": 1.683,
        "98": null,
        "100": 1.659,
        "dizel-premium": 1.884,
        "avtoplin-lpg": null,
        "KOEL": null
      },
      "distance": null,
      "direction": "",
      "open_hours": "PON - SOB 05:00 - 23:00\r\nNEDELJA IN PRAZNIKI 08:00 - 20:00",
      "zip_code": "2325"
    },
    {
      "pk": 1549,
      "franchise": 4,
      "name": "BS MOL ROGAŠKA SLATINA",
      "address": "TRŽIŠČE 12B",
      "lat": 46.2306674,
      "lng": 15.6556409,
      "prices": {
        "95": 1.354,
        "dizel": 1.683,
        "98": null,
        "100": 1.659,
        "dizel-premium": 1.884,
        "avtoplin-lpg": null,
        "KOEL": null
      },
      "distance": null,
      "direction": "",
      "open_hours": "pon. - sob. 06:00 - 22:00\r\nnedelja in prazniki 08:00 - 20:00",
      "zip_code": "3250"
    },
    {
      "pk": 1550,
      "franchise": 4,
      "name": "BS MOL CELJE, KIDRIČEVA",
      "address": "KIDRIČEVA ULICA 40",
      "lat": 46.234044,
      "lng": 15.2961655,
      "prices": {
        "95": 1.354,
        "dizel": 1.683,
        "98": null,
        "100": 1.659,
        "dizel-premium": 1.884,
        "avtoplin-lpg": null,
        "KOEL": null
      },
      "distance": null,
      "direction": "",
      "open_hours": "PON - PET 05:00 - 22:00\r\nSOBOTA 05:00 - 22:00\r\nNEDELJA IN PRAZNIKI 08:00 - 20:00",
      "zip_code": "3000"
    },
    {
      "pk": 1551,
      "franchise": 4,
      "name": "BS MOL LITIJA",
      "address": "LJUBLJANSKA CESTA 10B",
      "lat": 46.057104,
      "lng": 14.822957,
      "prices": {
        "95": 1.354,
        "dizel": 1.683,
        "98": null,
        "100": 1.659,
        "dizel-premium": 1.884,
        "avtoplin-lpg": null,
        "KOEL": null
      },
      "distance": null,
      "direction": "",
      "open_hours": "PON - SOB 05:00 - 23:00\r\nNEDELJA IN PRAZNIKI 08:00 - 20:00",
      "zip_code": "1270"
    },
    {
      "pk": 1552,
      "franchise": 4,
      "name": "BS MOL KOČEVJE",
      "address": "LJUBLJANSKA CESTA 40",
      "lat": 45.6488405,
      "lng": 14.8544269,
      "prices": {
        "95": 1.354,
        "dizel": 1.683,
        "98": null,
        "100": 1.659,
        "dizel-premium": 1.884,
        "avtoplin-lpg": null,
        "KOEL": null
      },
      "distance": null,
      "direction": "",
      "open_hours": "PON - SOB 05:00 - 23:00\r\nNEDELJA IN PRAZNIKI 08:00 - 20:00",
      "zip_code": "1330"
    },
    {
      "pk": 1553,
      "franchise": 4,
      "name": "BS MOL SLOVENSKA BISTRICA",
      "address": "LJUBLJANSKA CESTA 91",
      "lat": 46.38245,
      "lng": 15.563571,
      "prices": {
        "95": 1.354,
        "dizel": 1.683,
        "98": null,
        "100": 1.659,
        "dizel-premium": 1.884,
        "avtoplin-lpg": null,
        "KOEL": null
      },
      "distance": null,
      "direction": "",
      "open_hours": "",
      "zip_code": ""
    },
    {
      "pk": 1554,
      "franchise": 4,
      "name": "BS MOL MURSKA SOBOTA",
      "address": "MALA NOVA ULICA 1",
      "lat": 46.6560676,
      "lng": 16.1751469,
      "prices": {
        "95": 1.354,
        "dizel": 1.683,
        "98": null,
        "100": 1.659,
        "dizel-premium": 1.884,
        "avtoplin-lpg": null,
        "KOEL": null
      },
      "distance": null,
      "direction": "",
      "open_hours": "pon. - sob. 05:00 - 22:00\r\nnedelja in prazniki 07:00 - 20:00",
      "zip_code": "9000"
    },
    {
      "pk": 1555,
      "franchise": 4,
      "name": "BS MOL RIBNICA",
      "address": "MERHARJEVA ULICA 13",
      "lat": 45.738688,
      "lng": 14.733154,
      "prices": {
        "95": 1.354,
        "dizel": 1.683,
        "98": null,
        "100": 1.659,
        "dizel-premium": 1.884,
        "avtoplin-lpg": null,
        "KOEL": null
      },
      "distance": null,
      "direction": "",
      "open_hours": "pon. - sob. 05:00 - 23:00\r\nnedelja in prazniki 08:00 - 20:00",
      "zip_code": "1310"
    },
    {
      "pk": 1556,
      "franchise": 4,
      "name": "BS MOL LOGATEC",
      "address": "TRŽAŠKA 74A",
      "lat": 45.9166669,
      "lng": 14.218824,
      "prices": {
        "95": 1.354,
        "dizel": 1.683,
        "98": null,
        "100": 1.659,
        "dizel-premium": 1.884,
        "avtoplin-lpg": null,
        "KOEL": null
      },
      "distance": null,
      "direction": "",
      "open_hours": "pon - sob 05:00 - 23:00\r\nnedelja in prazniki 08:00 - 20:00",
      "zip_code": "1370"
    },
    {
      "pk": 1557,
      "franchise": 4,
      "name": "BS MOL CELJE, MARIBORSKA",
      "address": "MARIBORSKA CESTA 111",
      "lat": 46.2451779,
      "lng": 15.2776158,
      "prices": {
        "95": 1.354,
        "dizel": 1.683,
        "98": null,
        "100": 1.659,
        "dizel-premium": 1.884,
        "avtoplin-lpg": null,
        "KOEL": null
      },
      "distance": null,
      "direction": "",
      "open_hours": "PON - NED 00:00-24:00",
      "zip_code": "3000"
    },
    {
      "pk": 1558,
      "franchise": 4,
      "name": "BS MOL MURSKA SOBOTA",
      "address": "LENDAVSKA ULICA 75",
      "lat": 46.6676096,
      "lng": 16.1767565,
      "prices": {
        "95": 1.354,
        "dizel": 1.683,
        "98": null,
        "100": 1.659,
        "dizel-premium": 1.884,
        "avtoplin-lpg": null,
        "KOEL": null
      },
      "distance": null,
      "direction": "",
      "open_hours": "pon. - sob. 06:00 - 22:00\r\nnedelja in prazniki 08:00 - 20:00",
      "zip_code": "9000"
    },
    {
      "pk": 1560,
      "franchise": 4,
      "name": "BS MOL ROŽNA DOLINA",
      "address": "ULICA ANGELA BESEDNJAKA 8A",
      "lat": 45.9404582,
      "lng": 13.6399226,
      "prices": {
        "95": 1.354,
        "dizel": 1.683,
        "98": null,
        "100": 1.659,
        "dizel-premium": 1.884,
        "avtoplin-lpg": 0.999,
        "KOEL": null
      },
      "distance": null,
      "direction": "",
      "open_hours": "pon. - ned. 00:00 - 24:00",
      "zip_code": "5000"
    },
    {
      "pk": 1561,
      "franchise": 4,
      "name": "BS MOL RADVANJE MARIBOR",
      "address": "STRELIŠKA CESTA 16/A",
      "lat": 46.5360559,
      "lng": 15.6202679,
      "prices": {
        "95": 1.354,
        "dizel": 1.683,
        "98": null,
        "100": 1.659,
        "dizel-premium": 1.884,
        "avtoplin-lpg": 0.999,
        "KOEL": 1.366
      },
      "distance": null,
      "direction": "",
      "open_hours": "pon. - sob. 06:00 - 22:00\r\nnedelja in prazniki 08:00 - 20:00",
      "zip_code": "2000"
    },
    {
      "pk": 1562,
      "franchise": 4,
      "name": "BS MOL KOZINA",
      "address": "BAZOVIŠKA CESTA 18",
      "lat": 45.6090699,
      "lng": 13.9336733,
      "prices": {
        "95": 1.354,
        "dizel": 1.683,
        "98": null,
        "100": 1.659,
        "dizel-premium": 1.884,
        "avtoplin-lpg": null,
        "KOEL": null
      },
      "distance": null,
      "direction": "",
      "open_hours": "PON - SOB 06:00 - 22:00\r\nNEDELJA IN PRAZNIKI 08:00 - 20:00",
      "zip_code": "6240"
    },
    {
      "pk": 1563,
      "franchise": 4,
      "name": "BS MOL GORNJA RADGONA",
      "address": "LJUTOMERSKA CESTA 12",
      "lat": 46.6699694,
      "lng": 15.9961534,
      "prices": {
        "95": 1.354,
        "dizel": 1.683,
        "98": null,
        "100": 1.659,
        "dizel-premium": 1.884,
        "avtoplin-lpg": null,
        "KOEL": null
      },
      "distance": null,
      "direction": "",
      "open_hours": "pon - sob 06:00 - 22:00\r\nnedelja in prazniki 08:00 - 20:00",
      "zip_code": ""
    },
    {
      "pk": 1564,
      "franchise": 4,
      "name": "BS MOL HOČE",
      "address": "MIKLAVŠKA CESTA 80",
      "lat": 46.5005164,
      "lng": 15.6550055,
      "prices": {
        "95": 1.354,
        "dizel": 1.683,
        "98": null,
        "100": 1.659,
        "dizel-premium": 1.884,
        "avtoplin-lpg": null,
        "KOEL": null
      },
      "distance": null,
      "direction": "",
      "open_hours": "PON-SOB 06:00 - 22:00\r\nNEDELJA  07:00 - 22:00\r\nPRAZNIKI 08:00 - 20:00",
      "zip_code": "2311"
    },
    {
      "pk": 1565,
      "franchise": 4,
      "name": "BS MOL NOVO MESTO",
      "address": "MIRNOPEŠKA CESTA 4",
      "lat": 45.8211663,
      "lng": 15.1506657,
      "prices": {
        "95": 1.354,
        "dizel": 1.683,
        "98": null,
        "100": 1.659,
        "dizel-premium": null,
        "avtoplin-lpg": null,
        "KOEL": null
      },
      "distance": null,
      "direction": "",
      "open_hours": "pon. - sob. 06:00 - 22:00\r\nnedelja in prazniki 08:00 - 20:00",
      "zip_code": "8000"
    }
  ],
  "position": null
}
