{
  "count": 552,
  "next": "https://goriva.si/api/v1/search/?format=json&franchise=&name=&o=&page=16&position=&radius=",
  "previous": "https://goriva.si/api/v1/search/?format=json&franchise=&name=&o=&page=14&position=&radius=",
  "results": [
    {
      "pk": 2169,
      "franchise": 1,
      "name": "PETROL LJUBNO OB SAVINJI",
      "address": "LOKE 10",
      "lat": 46.33779188,
      "lng": 14.83876308,
      "prices": {
        "95": 1.411,
        "dizel": 1.441,
        "98": null,
        "100": null,
        "dizel-premium": null,
        "avtoplin-lpg": null,
        "KOEL": 1.045,
        "hvo": null,
        "cng": null,
        "lng": null
      },
      "distance": null,
      "direction": "",
      "open_hours": "Ponedeljek, Torek, Sreda, Četrtek, Petek\n07:00-19:00\n\nSobota\n07:00-19:00\n\nNedelja, Praznik\n08:00-11:30, 12:00-16:00\n",
      "zip_code": "3333"
    },
    {
      "pk": 2170,
      "franchise": 1,
      "name": "PETROL MOZIRJE",
      "address": "NA TRGU 55",
      "lat": 46.34033444,
      "lng": 14.96889829,
      "prices": {
        "95": 1.411,
        "dizel": 1.441,
        "98": null,
        "100": null,
        "dizel-premium": null,
        "avtoplin-lpg": null,
        "KOEL": 1.045,
        "hvo": null,
        "cng": null,
        "lng": null
      },
      "distance": null,
      "direction": "",
      "open_hours": "Ponedeljek, Torek, Sreda, Četrtek, Petek\n06:00-20:00\n\nSobota\n06:00-20:00\n\nNedelja, Praznik\n08:00-19:00\n",
      "zip_code": "3330"
    },
    {
      "pk": 2171,
      "franchise": 1,
      "name": "PETROL VOJNIK",
      "address": "CELJSKA CESTA 35A",
      "lat": 46.28580502,
      "lng": 15.30428269,
      "prices": {
        "95": 1.411,
        "dizel": 1.441,
        "98": null,
        "100": 1.642,
        "dizel-premium": null,
        "avtoplin-lpg": null,
        "KOEL": 1.045,
        "hvo": null,
        "cng": null,
        "lng": null
      },
      "distance": null,
      "direction": "",
      "open_hours": "Ponedeljek, Torek, Sreda, Četrtek, Petek\n06:00-21:00\n\nSobota\n06:00-21:00\n\nNedelja, Praznik\n07:00-20:00\n",
      "zip_code": "3212"
    },
    {
      "pk": 2172,
      "franchise": 1,
      "name": "PETROL VELENJE - CELJSKA ZAHOD",
      "address": "CELJSKA CESTA 2",
      "lat": 46.35625568,
      "lng": 15.11475697,
      "prices": {
        "95": 1.411,
        "dizel": 1.441,
        "98": null,
        "100": 1.642,
        "dizel-premium": 1.72,
        "avtoplin-lpg": 0.849,
        "KOEL": null,
        "hvo": null,
        "cng": null,
        "lng": null
      },
      "distance": null,
      "direction": "",
      "open_hours": "00:00-23:59\n",
      "zip_code": "3320"
    },
    {
      "pk": 2173,
      "franchise": 1,
      "name": "PETROL ŠENTRUPERT",
      "address": "ŠENTRUPERT 6B",
      "lat": 46.250078,
      "lng": 15.075261,
      "prices": {
        "95": 1.411,
        "dizel": 1.441,
        "98": null,
        "100": null,
        "dizel-premium": null,
        "avtoplin-lpg": null,
        "KOEL": 1.045,
        "hvo": null,
        "cng": null,
        "lng": null
      },
      "distance": null,
      "direction": "",
      "open_hours": "Ponedeljek, Torek, Sreda, Četrtek, Petek\n06:00-20:00\n\nSobota\n06:00-20:00\n\nNedelja, Praznik\n07:00-19:00\n",
      "zip_code": "3303"
    },
    {
      "pk": 2174,
      "franchise": 1,
      "name": "PETROL PODČETRTEK",
      "address": "ZDRAVILIŠKA CESTA 27",
      "lat": 46.15162206,
      "lng": 15.59945055,
      "prices": {
        "95": 1.411,
        "dizel": 1.441,
        "98": null,
        "100": 1.642,
        "dizel-premium": null,
        "avtoplin-lpg": null,
        "KOEL": 1.045,
        "hvo": null,
        "cng": null,
        "lng": null
      },
      "distance": null,
      "direction": "",
      "open_hours": "Ponedeljek, Torek, Sreda, Četrtek, Petek\n06:00-20:00\n\nSobota\n07:00-19:00\n\nNedelja, Praznik\n08:00-19:00\n",
      "zip_code": "3254"
    },
    {
      "pk": 2175,
      "franchise": 1,
      "name": "PETROL TEPANJE AC - ZAHOD",
      "address": "SPODNJE GRUŠOVJE 10C",
      "lat": 46.348824,
      "lng": 15.487582,
      "prices": {
        "95": 1.411,
        "dizel": 1.441,
        "98": null,
        "100": 1.763,
        "dizel-premium": null,
        "avtoplin-lpg": 0.889,
        "KOEL": null,
        "hvo": null,
        "cng": null,
        "lng": null
      },
      "distance": null,
      "direction": "Maribor -> Ljubljana",
      "open_hours": "00:00-23:59\n",
      "zip_code": "3210"
    },
    {
      "pk": 2176,
      "franchise": 1,
      "name": "PETROL TEPANJE AC - VZHOD",
      "address": "SPODNJE GRUŠOVJE 10B",
      "lat": 46.347484,
      "lng": 15.48757,
      "prices": {
        "95": 1.411,
        "dizel": 1.441,
        "98": null,
        "100": 1.763,
        "dizel-premium": null,
        "avtoplin-lpg": 0.889,
        "KOEL": null,
        "hvo": null,
        "cng": null,
        "lng": null
      },
      "distance": null,
      "direction": "Ljubljana -> Maribor",
      "open_hours": "00:00-23:59\n",
      "zip_code": "3210"
    },
    {
      "pk": 2177,
      "franchise": 1,
      "name": "PETROL VITANJE",
      "address": "DOLIŠKA CESTA 24",
      "lat": 46.38539537,
      "lng": 15.29788765,
      "prices": {
        "95": 1.411,
        "dizel": 1.441,
        "98": null,
        "100": null,
        "dizel-premium": null,
        "avtoplin-lpg": null,
        "KOEL": 1.045,
        "hvo": null,
        "cng": null,
        "lng": null
      },
      "distance": null,
      "direction": "",
      "open_hours": "Ponedeljek, Torek, Sreda, Četrtek, Petek\n07:00-11:30, 12:00-16:00\n\nSobota\n07:00-10:30, 11:00-12:00\n\nNedelja, Praznik\n08:30-12:00\n",
      "zip_code": "3205"
    },
    {
      "pk": 2178,
      "franchise": 1,
      "name": "PETROL CELJE - KIDRIČEVA JUG",
      "address": "KIDRIČEVA ULICA 28",
      "lat": 46.23481437,
      "lng": 15.28266525,
      "prices": {
        "95": 1.411,
        "dizel": 1.441,
        "98": null,
        "100": 1.642,
        "dizel-premium": null,
        "avtoplin-lpg": null,
        "KOEL": 1.045,
        "hvo": null,
        "cng": null,
        "lng": null
      },
      "distance": null,
      "direction": "",
      "open_hours": "Ponedeljek, Torek, Sreda, Četrtek, Petek\n05:30-20:00\n\nSobota\n06:00-18:00\n",
      "zip_code": "3000"
    },
    {
      "pk": 2179,
      "franchise": 1,
      "name": "PETROL KOZJE",
      "address": "KOZJE 23",
      "lat": 46.07309408,
      "lng": 15.55856381,
      "prices": {
        "95": 1.411,
        "dizel": 1.441,
        "98": null,
        "100": null,
        "dizel-premium": null,
        "avtoplin-lpg": null,
        "KOEL": 1.045,
        "hvo": null,
        "cng": null,
        "lng": null
      },
      "distance": null,
      "direction": "",
      "open_hours": "Ponedeljek, Torek, Sreda, Četrtek, Petek\n07:00-18:00\n\nSobota\n07:00-11:30, 12:00-16:00\n\nNedelja, Praznik\n08:30-12:00\n",
      "zip_code": "3260"
    },
    {
      "pk": 2180,
      "franchise": 1,
      "name": "PETROL CELJE - POLULE",
      "address": "CESTA V LAŠKO 4A",
      "lat": 46.21772911,
      "lng": 15.26310535,
      "prices": {
        "95": 1.411,
        "dizel": 1.441,
        "98": null,
        "100": null,
        "dizel-premium": null,
        "avtoplin-lpg": null,
        "KOEL": 1.045,
        "hvo": null,
        "cng": null,
        "lng": null
      },
      "distance": null,
      "direction": "",
      "open_hours": "Ponedeljek, Torek, Sreda, Četrtek, Petek\n06:00-20:00\n\nSobota\n06:00-20:00\n\nNedelja, Praznik\n07:00-14:00\n",
      "zip_code": "3000"
    },
    {
      "pk": 2181,
      "franchise": 1,
      "name": "PETROL ZREČE",
      "address": "KOVAŠKA CESTA 29A",
      "lat": 46.37183166,
      "lng": 15.39050014,
      "prices": {
        "95": 1.411,
        "dizel": 1.441,
        "98": null,
        "100": null,
        "dizel-premium": null,
        "avtoplin-lpg": null,
        "KOEL": 1.045,
        "hvo": null,
        "cng": null,
        "lng": null
      },
      "distance": null,
      "direction": "",
      "open_hours": "Ponedeljek, Torek, Sreda, Četrtek, Petek\n06:00-20:00\n\nSobota\n07:00-19:00\n\nNedelja, Praznik\n07:30-18:00\n",
      "zip_code": "3214"
    },
    {
      "pk": 2182,
      "franchise": 1,
      "name": "PETROL BISTRICA OB SOTLI",
      "address": "HRASTJE OB BISTRICI 1A",
      "lat": 46.0620292,
      "lng": 15.6554536,
      "prices": {
        "95": 1.411,
        "dizel": 1.441,
        "98": null,
        "100": null,
        "dizel-premium": null,
        "avtoplin-lpg": null,
        "KOEL": 1.045,
        "hvo": null,
        "cng": null,
        "lng": null
      },
      "distance": null,
      "direction": "",
      "open_hours": "Ponedeljek, Torek, Sreda, Četrtek, Petek\n08:00-12:00, 12:30-16:00\n\nSobota\n08:00-12:00\n\nNedelja, Praznik\n08:30-12:00\n",
      "zip_code": "3256"
    },
    {
      "pk": 2183,
      "franchise": 1,
      "name": "PETROL PONIKVA",
      "address": "PONIKVA 36A",
      "lat": 46.25437076,
      "lng": 15.44383892,
      "prices": {
        "95": 1.411,
        "dizel": 1.441,
        "98": null,
        "100": null,
        "dizel-premium": null,
        "avtoplin-lpg": null,
        "KOEL": null,
        "hvo": null,
        "cng": null,
        "lng": null
      },
      "distance": null,
      "direction": "",
      "open_hours": "00:00-00:00\n",
      "zip_code": "3232"
    },
    {
      "pk": 2184,
      "franchise": 1,
      "name": "PETROL SOLČAVA",
      "address": "SOLČAVA 12A",
      "lat": 46.419206,
      "lng": 14.69457786,
      "prices": {
        "95": 1.411,
        "dizel": 1.441,
        "98": null,
        "100": null,
        "dizel-premium": null,
        "avtoplin-lpg": null,
        "KOEL": 1.045,
        "hvo": null,
        "cng": null,
        "lng": null
      },
      "distance": null,
      "direction": "",
      "open_hours": "Ponedeljek, Torek, Sreda, Četrtek, Petek\n08:00-11:00, 11:30-15:00\n\nSobota\n08:00-11:00, 11:30-13:00\n",
      "zip_code": "3335"
    },
    {
      "pk": 2185,
      "franchise": 1,
      "name": "PETROL PLANINA",
      "address": "PLANINA PRI SEVNICI 65H",
      "lat": 46.09842192,
      "lng": 15.39765344,
      "prices": {
        "95": 1.411,
        "dizel": 1.441,
        "98": null,
        "100": null,
        "dizel-premium": null,
        "avtoplin-lpg": null,
        "KOEL": 1.045,
        "hvo": null,
        "cng": null,
        "lng": null
      },
      "distance": null,
      "direction": "",
      "open_hours": "Ponedeljek, Torek, Sreda, Četrtek, Petek\n07:00-11:30, 12:00-16:00\n\nSobota\n07:00-11:30, 12:00-14:00\n",
      "zip_code": "3225"
    },
    {
      "pk": 2186,
      "franchise": 1,
      "name": "PETROL ROGAŠKA SLATINA",
      "address": "SPODNJE NEGONJE 27A",
      "lat": 46.25266116,
      "lng": 15.61686431,
      "prices": {
        "95": 1.411,
        "dizel": 1.441,
        "98": null,
        "100": 1.642,
        "dizel-premium": 1.72,
        "avtoplin-lpg": null,
        "KOEL": 1.045,
        "hvo": null,
        "cng": null,
        "lng": null
      },
      "distance": null,
      "direction": "",
      "open_hours": "Ponedeljek, Torek, Sreda, Četrtek, Petek\n06:00-20:00\n\nSobota\n07:00-19:00\n\nNedelja, Praznik\n08:00-17:00\n",
      "zip_code": "3250"
    },
    {
      "pk": 2188,
      "franchise": 1,
      "name": "PETROL LAŠKO",
      "address": "CELJSKA CESTA 40",
      "lat": 46.16731495,
      "lng": 15.2329947,
      "prices": {
        "95": 1.411,
        "dizel": 1.441,
        "98": null,
        "100": 1.642,
        "dizel-premium": null,
        "avtoplin-lpg": null,
        "KOEL": 1.045,
        "hvo": null,
        "cng": null,
        "lng": null
      },
      "distance": null,
      "direction": "",
      "open_hours": "Ponedeljek, Torek, Sreda, Četrtek, Petek\n06:00-21:00\n\nSobota\n06:00-21:00\n\nNedelja, Praznik\n07:00-20:00\n",
      "zip_code": "3270"
    },
    {
      "pk": 2189,
      "franchise": 1,
      "name": "PETROL GORNJI GRAD",
      "address": "SPODNJI TRG 34",
      "lat": 46.29907149,
      "lng": 14.81925704,
      "prices": {
        "95": 1.411,
        "dizel": 1.441,
        "98": null,
        "100": null,
        "dizel-premium": null,
        "avtoplin-lpg": null,
        "KOEL": 1.045,
        "hvo": null,
        "cng": null,
        "lng": null
      },
      "distance": null,
      "direction": "",
      "open_hours": "Ponedeljek, Torek, Sreda, Četrtek, Petek\n07:00-12:00, 12:30-18:00\n\nSobota\n07:00-12:00, 12:30-18:00\n\nNedelja, Praznik\n08:30-12:00\n",
      "zip_code": "3342"
    },
    {
      "pk": 2190,
      "franchise": 1,
      "name": "PETROL CELJE - LANOVŽ",
      "address": "IPAVČEVA ULICA 19",
      "lat": 46.23718054,
      "lng": 15.25657342,
      "prices": {
        "95": 1.411,
        "dizel": 1.441,
        "98": null,
        "100": 1.642,
        "dizel-premium": null,
        "avtoplin-lpg": null,
        "KOEL": 1.045,
        "hvo": null,
        "cng": null,
        "lng": null
      },
      "distance": null,
      "direction": "",
      "open_hours": "Ponedeljek, Torek, Sreda, Četrtek, Petek\n06:00-20:00\n\nSobota\n06:00-20:00\n\nNedelja, Praznik\n08:00-20:00\n",
      "zip_code": "3000"
    },
    {
      "pk": 2191,
      "franchise": 1,
      "name": "PETROL ŠOŠTANJ",
      "address": "AŠKERČEVA CESTA 7",
      "lat": 46.37530944,
      "lng": 15.04892524,
      "prices": {
        "95": 1.411,
        "dizel": 1.441,
        "98": null,
        "100": 1.642,
        "dizel-premium": null,
        "avtoplin-lpg": null,
        "KOEL": 1.045,
        "hvo": null,
        "cng": null,
        "lng": null
      },
      "distance": null,
      "direction": "",
      "open_hours": "Ponedeljek, Torek, Sreda, Četrtek, Petek\n06:00-21:00\n\nSobota\n06:00-20:00\n\nNedelja, Praznik\n08:00-18:00\n",
      "zip_code": "3325"
    },
    {
      "pk": 2192,
      "franchise": 1,
      "name": "PETROL RADEČE",
      "address": "ULICA MILANA MAJCNA 40",
      "lat": 46.06279673,
      "lng": 15.18155904,
      "prices": {
        "95": 1.411,
        "dizel": 1.441,
        "98": null,
        "100": 1.642,
        "dizel-premium": null,
        "avtoplin-lpg": null,
        "KOEL": 1.045,
        "hvo": null,
        "cng": null,
        "lng": null
      },
      "distance": null,
      "direction": "",
      "open_hours": "Ponedeljek, Torek, Sreda, Četrtek, Petek\n06:00-20:00\n\nSobota\n06:00-20:00\n\nNedelja, Praznik\n07:00-19:00\n",
      "zip_code": "1433"
    },
    {
      "pk": 2193,
      "franchise": 1,
      "name": "PETROL VELENJE - CELJSKA VZHOD",
      "address": "CELJSKA CESTA 53",
      "lat": 46.350795,
      "lng": 15.13198,
      "prices": {
        "95": 1.411,
        "dizel": 1.441,
        "98": null,
        "100": null,
        "dizel-premium": null,
        "avtoplin-lpg": null,
        "KOEL": 1.045,
        "hvo": null,
        "cng": null,
        "lng": null
      },
      "distance": null,
      "direction": "",
      "open_hours": "Ponedeljek, Torek, Sreda, Četrtek, Petek\n06:00-20:00\n\nSobota\n07:00-19:00\n\nNedelja, Praznik\n08:00-18:00\n",
      "zip_code": "3320"
    },
    {
      "pk": 2194,
      "franchise": 1,
      "name": "PETROL VELENJE - PARTIZANSKA",
      "address": "PARTIZANSKA CESTA 6",
      "lat": 46.35917056,
      "lng": 15.10632852,
      "prices": {
        "95": 1.411,
        "dizel": 1.441,
        "98": null,
        "100": 1.642,
        "dizel-premium": null,
        "avtoplin-lpg": null,
        "KOEL": null,
        "hvo": null,
        "cng": null,
        "lng": null
      },
      "distance": null,
      "direction": "",
      "open_hours": "Ponedeljek, Torek, Sreda, Četrtek, Petek\n06:00-22:00\n\nSobota\n06:00-21:00\n\nNedelja, Praznik\n08:00-20:00\n",
      "zip_code": "3320"
    }
  ],
  "position": null
}
